02273993J;Miguel;Iglesias Estévez;0;24
25273300E;José María;Saldaño Guijarro;2;24
55257575H;Manuel;Cerro Torres;0;17
87448652T;Miguel Felipe;Díaz Simón;0;18
10274397Z;Manuel Jesús;Carrasco Serrano;2;23
93505624M;Alejandro;Cisneros Santos;1;18
91942490Q;Julio;Martín De La Flor;2;25
43606119J;Rodrigo;Díaz Hernanz;0;25
75227276C;Adrián;Barrena García;2;24
18820302N;Ricardo;Cáceres García;1;22
96524702W;Pablo;López Sánchez;0;22
65845985D;Juan Antonio;Merino Contreras;1;24
21008792A;Pablo;Calderón Gómez;1;22
18074883C;Álvaro;Salgado Marroyo;0;23
66252341G;Diego;Gozalo García;2;20
40220037U;Alberto;Gutiérrez Escalona;1;22
40970862O;Jesús Ariel;Cabello Mateos;0;24
16220730G;Adrián;Palacios Pérez;1;23
18230323C;Bruno;Álvarez Parejo;1;20
35906620C;Marcelino;Gil Lubián;1;18
62438244S;Alfredo;Talavera Ramajo;1;19
17855800Y;Jorge;Carrasco Facundo;2;22
47595928T;Daniel;Jiménez Fernández;1;22
01559875T;Juan;Cuello Gutiérrez;1;24
80767116U;Daniel;Sánchez Parra;2;17
81757743U;Pedro;Fernández Germán;2;25
96761557J;Daniel;Becerra Benítez;2;22
85643977W;Gonzalo;Megías Hernández;2;22
92298807H;Álvaro;Cuevas Asensio;1;26
00104143K;Gabriel;Morillo Fernández;2;20
05758339D;Roberto;Vázquez Maestre;1;22
72182237S;Enrique;Villegas Pineda;1;26
58568098K;Tamara;García Infantes;1;20
65176920W;Milagros;Tejado García;1;18
82187188M;Sergio;Sánchez Amado;0;23
30001766J;Francisco Javier;Martín Ramírez;0;25
05075028X;Pablo;Alonso Villa;0;18
00082757T;Arturo;Rosado Rodríguez;1;22
48323930Q;David;Santos Pallarés;1;24
16546292I;Marco Antonio;Clemente Cruz;0;17
35496994U;Pablo;Polo Alcántara;2;26
30009106L;Gonzalo;Expósito Tuda;1;18
00861155W;Raúl;Guerrero Donoso;2;26
15557514S;Álvaro;Corvillo Moreno;1;25
42915220D;Juan Miguel;Rivera Montero;0;21
72046317O;Pablo;Márquez Hernández;0;18
47195949T;Iván;López García;2;26
50490564M;Daniel;Sánchez Martín;2;23
06776042E;Diego Rodrigo;Ramos Carranza;0;18
01415676R;José Manuel;Pecero Blanco;2;26
70316042A;Jesús;Blázquez Durán;0;19
40105017S;Ismael;Vicente Sánchez;1;26
51137176G;David;Arroyo Bravo;0;17
48578647K;Álvaro;Manso Barras;1;21
43937451Z;Máximo Luis;Bueno Martínez;0;17
55906031V;Arturo;Martín Bueno;2;19
52067930O;Guadalupe;González Santos;0;25
44922620X;Pablo;Güera López;0;23
22980028B;Samuel;Soto Paredes;0;23
65385700W;Yoel;Millán Fernández;2;24
26658032A;Juan Antonio;Álvarez Redondo;1;21
07464970V;Isaac;Romanillos Deza;2;19
92552609J;Víctor;Jimeno Juan;0;24
12032900N;Ada Xiang;Ramos Grano De Oro;0;23
20244606D;Pablo;Rebanales Álvarez;0;22
11847854C;José;Pulido Delgado;2;24
99437196I;David;Blanco Miranda;2;19
86647915V;Pedro Ángel;Ayuso Jiménez;1;24
26671178S;Antonio Gabriel;Cabello González;2;20
42929702V;Alfonso;Pintado Gracia;1;18
89020897Z;José;Nogales Gallardo;2;17
26439095E;Hugo;Sánchez Hurtado;1;24
13811417L;Fernando;Calle Calle;2;18
97522937U;César;Sánchez Montes;2;26
66064365A;Iván;Ruiz López;2;18
64173764B;Mario;Flores Blanco;0;17
30050047V;Antonio;Villalba Rapela;1;18
49302061A;Jorge;Vaquero Sauceda;0;26
21690145W;Jaime;Quijada González;0;21
97773647B;Hugo;Martín Gabriel;0;18
42755496G;Eduardo;Gómez Almendral;2;24
84078285V;Javier;Pulido Alcón;1;18
92125171D;Álvaro;Mendo Martín;2;26
83249816Y;Fernando;Pérez De Vega;0;22
31362422D;Alfonso;Santiago García;0;23
36529476U;José David;Alonso Rodríguez;1;26
86422637F;Guillermo;Álvarez Franganillo;1;19
88002287Q;Hugo;Ramos López;1;22
59079176A;Adrián;Tercero Pérez;0;26
68711824N;Ismael;Miguel Martín;1;24
48553267E;Haia;Madany Takem;2;19
48381392X;Santiago;Rodríguez Rubio;1;20
95724631E;Pablo;Fernández Rollán;1;26
26858995I;Manahen;García Garrido;0;24
12463874T;Carmen;Torres Oliva;2;20
60425174P;Adrián;Sánchez Galera;0;24
68977231U;Francisco Manuel;Nieto Mendo;1;22
84302065W;José Luis;Blázquez Muñoz;2;23
35137977K;Alejandro;Ramos Jiménez;0;22
67406812O;Hugo;Muñoz Romero;0;18
48200566P;Santiago;Zúñiga Millán;1;17
83653953Y;Pedro;Garcíarisco Velarde;2;18
90216452V;Miguel;Prieto Prieto;2;25
28436484O;Adrián;Caballero Ramos;2;20
31731387K;David De;Miguel Palomino;0;17
96270104R;Ismael;González Loro;2;21
65805683K;Daniel;Borrego Ramos;0;22
50028480M;Alejandro;Orozco Santano;2;24
26101831C;Guillermo;Caso Vaca;2;26
84390750T;Jorge;Fabregat Díaz;2;19
29748207J;Samuel;Mena Fernández;1;26
80181555U;Fernando;Talavera Mostazo;1;22
95352698P;Rubén Tie;Corbacho Pérez;0;18
67164749G;Adrián;Benítez Merino;2;25
10224306E;Enrique;Márquez García;2;21
90023883H;Ángel;Parra García;1;21
77580810V;Víctor;Serrano Pérez;2;21
37033415V;Abdel Wahed;Mahfoud Mouhandizi;0;23
99939379X;Joel;Estrella Berrocal;2;17
05885679I;Samuel;Corrionero Fernández;2;21
79446982Y;Julia;Álvarez Hernández;0;24
60904696T;Javier;Montero Pajuelo;2;17
12398485B;Adrián;Hernández Regadera;2;25
05994426Z;Sergio;Vázquez Pozo;2;18
83834945L;Manuel;Alonso González;1;17
96174459D;Samuel;Monasterio Pérez;0;17
22470739E;Jorge Luis;Silva Asas;0;23
87516916Q;José Antonio;Bravo Romero;0;20
77452527A;José Manuel De;Torres Domínguez;1;20
32908372T;Manuel;Cordero Jaramillo;1;17
38597182V;Álvaro;Tardío Fernández;1;26
94824147D;Sandra;Maldonado Marín;0;18
63670540B;Jorge;Méndez Martínez;2;19
60722572P;Lucas;González Salcedo;2;20
27271537J;Leonardo;Toro Reyman;0;26
79426983H;Gonzalo;Naranjo Carretero;1;20
41750788O;Natalia;Carrasco De Miguel;1;21
28925342J;Antonio Manuel;González Arce;2;26
56917821L;Manuel;Rodas Pinilla;0;21
77219790A;Gabriel;Güera Correa;0;20
01999530L;José Manuel;Montero Delgado;1;19
94037225N;Luis;Herreros De Tejada Albarrán;2;26
82723647O;Ismael;Rodríguez Rico;1;24
50302550V;Alejandro;Paniagua García;1;25
38437286D;Rina Antonia;Hodge Fonseca;2;26
02562421Q;Sergio;Crespo Domínguez;1;24
35606489L;Carlos;Arroyo Caballero;2;26
05591010N;Jorge;Bote Arroyo;0;22
54149689D;Gabriel;Manchado Murillo;0;19
34018675E;Paloma;Moreno Suárez;1;23
59145668J;Borja;Gómez Castaño;1;21
94459436H;Nayhara;Crespo Macías;0;17
29035143N;David;Fernández Zapata;2;22
12752667C;Pablo;García Malpica;2;19
70757476M;Pedro;Gutiérrez Buenestado;0;18
35843010B;Javier;Marcos Tobar;2;17
65384157S;Daniel;Dávila Cidoncha;1;23
37761577D;Yahya;El Baroudi El Ouazghari;1;17
04498492W;Julio;Pablos Avís;0;26
39999777T;Manuel;Solís Gómez;1;24
77391281U;Félix;Pozo Trenado;1;17
96445420T;Alejandro;Sepúlveda Delgado;1;19
30156583I;Ismael;Ramos Márquez;2;23
94291373J;Carlos;Barragán Quirós;0;23
07056387C;Adrian;Oliva Pizarro;0;24
83822141B;Cristian;Sánchez Tamayo;2;18
11615346K;Daniel;Polo Cancho;1;24
10070193S;Javier;Nevado González;0;26
15432942Q;Nicolás;Cid Robledo;1;19
11507368U;Mikel;Domínguez Corchero;2;17
06481588C;Juan Manuel;Arjona Hidalgo;2;26
65048166E;Carlos;Ariza Lencero;1;23
79739054M;Álex;Domínguez Hormeño;0;19
68797416Z;Khalil;El Hanjri Zebiri;1;17
92722772R;Mohamed;Ben Aissa;2;18
07074568Q;Antonio;Rodríguez Iglesias;1;25
97358547N;David;Conesa Cañamero;0;21
25682146I;Alejandro;Del Caño Dorado;1;23
94272762K;Soledad;Arroyo Chacón;1;26
98911238Q;Adrián;Miranda García;0;24
44032038E;Juan Miguel;Vega Garrido;1;18
16675192M;Ekram;Enjaai Bensennaa;1;25
14429687G;Daniel;Hernández Marín;0;22
07967285G;Miguel;Verdejo López;2;25
42329688P;Carlos;Vázquez Álvarez;2;23
42677028E;Santos;Fuertes Jorge;1;20
72269275T;Juan Daniel;Guerra Trigo;2;25
05306402P;Sergio;Pizarro Escudero;0;24
54159269V;Agustín;Gómez Piñero;2;20
26402376G;Victoriano;Pérez González;0;21
89762621W;Fabiola;Novoa Zelaya;0;19
26598385K;Francisco;Palomo Civantos;0;24
28661130E;David;Muñoz San Andrés;2;19
51423859C;Gledson Marcus;Marciano De Araujo Junior;2;17
44071308W;Alejandro;Sánchez Domínguez;0;20
30034428P;Asier;Hernández Parra;0;25
28659346N;Alejandro Nicolas;Rodriguez Galan;1;17
36557323Z;Rubén;Torres Gutiérrez;1;21
58560221L;Miguel Ángel;Marredo Morera;1;24
